{
    "45-8-6-4-4-ga0": {
        "solution": [
            [
                1,
                12,
                15,
                32,
                38,
                13
            ],
            [
                1,
                12,
                15,
                6,
                14,
                38
            ],
            [
                1,
                12,
                32,
                6,
                14,
                38
            ],
            [
                1,
                12,
                6,
                14,
                38,
                13
            ],
            [
                1,
                15,
                32,
                6,
                14,
                13
            ],
            [
                12,
                15,
                32,
                6,
                38,
                13
            ],
            [
                12,
                15,
                32,
                14,
                38,
                13
            ]
        ],
        "num_solution": 7,
        "time": 0.1935006000003341
    },
    "45-8-6-4-4-aca-0": {
        "solution": [
            [
                "1",
                "2",
                "3",
                "4",
                "5",
                "6"
            ],
            [
                "1",
                "2",
                "3",
                "4",
                "7",
                "8"
            ],
            [
                "1",
                "2",
                "3",
                "5",
                "6",
                "7"
            ],
            [
                "1",
                "2",
                "3",
                "5",
                "6",
                "8"
            ],
            [
                "1",
                "3",
                "4",
                "5",
                "7",
                "8"
            ],
            [
                "1",
                "3",
                "4",
                "6",
                "7",
                "8"
            ],
            [
                "2",
                "4",
                "5",
                "6",
                "7",
                "8"
            ]
        ],
        "num_solution": 7,
        "time": 6.141146500000104
    },
    "45-8-6-4-4-ga-1": {
        "solution": [
            [
                43,
                17,
                32,
                4,
                37,
                35
            ],
            [
                43,
                17,
                32,
                4,
                37,
                44
            ],
            [
                43,
                17,
                32,
                4,
                37,
                3
            ],
            [
                43,
                17,
                32,
                4,
                35,
                44
            ],
            [
                43,
                17,
                32,
                4,
                35,
                3
            ],
            [
                43,
                17,
                32,
                4,
                44,
                3
            ],
            [
                43,
                17,
                37,
                35,
                44,
                3
            ],
            [
                32,
                4,
                37,
                35,
                44,
                3
            ]
        ],
        "num_solution": 8,
        "time": 0.12938770000073418
    }
}