{
    "45-8-6-4-4-ga0": {
        "solution": [
            [
                29,
                24,
                42,
                7,
                44,
                32
            ],
            [
                29,
                24,
                42,
                7,
                13,
                32
            ],
            [
                29,
                24,
                42,
                7,
                32,
                40
            ],
            [
                29,
                24,
                44,
                13,
                32,
                40
            ],
            [
                29,
                42,
                7,
                44,
                13,
                40
            ],
            [
                24,
                42,
                7,
                44,
                13,
                40
            ],
            [
                42,
                7,
                44,
                13,
                32,
                40
            ]
        ],
        "num_solution": 7,
        "time": 0.07127045700008239
    },
    "45-8-6-4-4-ga-1": {
        "solution": [
            [
                35,
                39,
                32,
                15,
                22,
                12
            ],
            [
                35,
                39,
                32,
                15,
                40,
                23
            ],
            [
                35,
                39,
                22,
                12,
                40,
                23
            ],
            [
                35,
                32,
                22,
                12,
                40,
                23
            ],
            [
                35,
                15,
                22,
                12,
                40,
                23
            ],
            [
                39,
                32,
                15,
                22,
                12,
                40
            ],
            [
                39,
                32,
                15,
                22,
                12,
                23
            ]
        ],
        "num_solution": 7,
        "time": 0.07186592700008987
    }
}