{
    "45-8-6-4-4-ga0": {
        "solution": [
            [
                35,
                39,
                32,
                15,
                22,
                12
            ],
            [
                35,
                39,
                32,
                15,
                40,
                23
            ],
            [
                35,
                39,
                22,
                12,
                40,
                23
            ],
            [
                35,
                32,
                22,
                12,
                40,
                23
            ],
            [
                35,
                15,
                22,
                12,
                40,
                23
            ],
            [
                39,
                32,
                15,
                22,
                12,
                40
            ],
            [
                39,
                32,
                15,
                22,
                12,
                23
            ]
        ],
        "num_solution": 7,
        "time": 0.07186592700008987
    },
    "45-8-6-4-4-ga-1": {
        "solution": [
            [
                41,
                39,
                15,
                6,
                21,
                27
            ],
            [
                41,
                39,
                15,
                6,
                21,
                26
            ],
            [
                41,
                39,
                15,
                6,
                21,
                20
            ],
            [
                41,
                39,
                15,
                6,
                27,
                26
            ],
            [
                41,
                39,
                15,
                6,
                27,
                20
            ],
            [
                41,
                39,
                15,
                6,
                26,
                20
            ],
            [
                41,
                39,
                21,
                27,
                26,
                20
            ],
            [
                15,
                6,
                21,
                27,
                26,
                20
            ]
        ],
        "num_solution": 8,
        "time": 0.13885431499875267
    }
}